archivo,origen,categoria,original,salida,alt,uso_sugerido,flags
birthday-balloon-decor-shimmer-wall-pink-garland-13-01.jpg,claravdecor-gbp-01.jpg,birthday,4712x6801,1386x2000,Pink and silver balloon garland on a shimmer wall backdrop with 13 number balloons for a teen birthday,hero / birthday page banner,
birthday-balloon-decor-shimmer-wall-pink-garland-13-02.jpg,claravdecor-gbp-27.jpg,birthday,3738x2772,2000x1483,Close-up of the pink and silver balloon garland and 13 number balloons on a shimmer wall,birthday gallery (detalle),misma sesion que -01
baby-shower-balloon-decor-arch-backdrop-blue-tan-bear-01.jpg,claravdecor-gbp-02.jpg,baby-shower,4535x6809,1332x2000,"Blue, tan and cream balloon garland on a white arch backdrop with a teddy bear for a baby shower",baby shower page banner / hero,
birthday-balloon-decor-arch-backdrop-red-black-second-birthday-01.jpg,claravdecor-gbp-03.png,birthday,941x1672,941x1672,"Red, black and white balloon garland on a white arch backdrop with a number 2 balloon for a second birthday",birthday gallery,"PNG de captura, 941px ancho — solo tarjeta pequena; nombre de nina visible"
birthday-balloon-decor-gamer-backdrop-blue-green-01.jpg,claravdecor-gbp-04.jpg,birthday,2268x4032,1125x2000,"Blue, green and black balloon garland on a gamer-themed neon backdrop for a 10th birthday",birthday gallery / tematicas,nombre del nino visible en el backdrop
birthday-balloon-decor-gamer-backdrop-blue-green-02.jpg,claravdecor-gbp-21.jpg,birthday,2268x4032,1125x2000,Close-up of the blue and green balloon garland and neon controller sign on a gamer birthday backdrop,birthday gallery (detalle),misma sesion que -01; nombre visible
birthday-balloon-decor-mario-backdrop-01.jpg,claravdecor-gbp-05.jpg,birthday,1179x694,1179x694,Video game themed birthday backdrop with colorful balloon garlands and a red centerpiece,birthday gallery,"1179x694, baja resolucion — solo miniatura; nombre visible"
baby-shower-balloon-decor-sage-hoop-arch-bear-01.jpg,claravdecor-gbp-06.jpg,baby-shower,942x901,942x901,Sage green and cream balloon hoop arch with a teddy bear basket set up outdoors for a baby shower,baby shower gallery / hero alterno,
baby-shower-balloon-decor-sage-hoop-arch-bear-02.jpg,claravdecor-gbp-20.jpg,baby-shower,942x1275,942x1275,Sage green and cream balloon hoop arch with a teddy bear in a basket at an outdoor baby shower,baby shower gallery,misma sesion que -01
gender-reveal-balloon-decor-sage-cream-column-01.jpg,claravdecor-gbp-26.jpg,gender-reveal,923x1556,923x1556,Sage green and cream balloon column topped with a Boy or Girl bubble balloon at an outdoor gender reveal,gender reveal page,
balloon-bouquets-birthday-number-9-bear-01.jpg,claravdecor-gbp-07.jpg,bouquets,1209x2150,1125x2000,"Birthday balloon bouquet with a number 9 balloon, a bear-themed bubble balloon and yellow and cream balloons",balloon bouquets page,personas al fondo; nombre en el globo
balloon-bouquets-birthday-bear-close-up-01.jpg,claravdecor-gbp-12.jpg,bouquets,1209x2150,1125x2000,Close-up of a bear-themed bubble balloon with gold pearls on a birthday balloon bouquet,bouquets gallery (detalle),misma sesion que number-9
corporate-balloon-decor-office-star-bouquets-blue-01.jpg,claravdecor-gbp-08.jpg,corporate,1280x960,1280x960,Blue and silver star balloon bouquets decorating an office lobby for a corporate event,corporate page banner,logo Pfizer visible (permiso)
corporate-balloon-decor-welcome-bubble-balloon-01.jpg,claravdecor-gbp-10.jpg,corporate,960x1280,960x1280,Clear bubble balloon with a Bienvenidos welcome message and blue foil balloons at a corporate office,corporate gallery,logo Pfizer visible (permiso)
corporate-balloon-decor-star-bouquet-breakroom-01.jpg,claravdecor-gbp-11.png,corporate,1254x1254,1254x1254,Blue and silver star balloon bouquet in an office break room for a corporate welcome event,corporate gallery,logo Pfizer visible (permiso)
birthday-balloon-decor-superhero-dessert-table-01.jpg,claravdecor-gbp-14.jpg,birthday,3024x4032,1500x2000,"Superhero themed birthday dessert table with red, blue and yellow balloons and a comic backdrop",birthday gallery / tematicas,nombre visible; personajes con marca
birthday-balloon-decor-superhero-dessert-table-02.jpg,claravdecor-gbp-28.jpg,birthday,3024x4032,1500x2000,"Wide view of a superhero themed birthday setup with balloon garlands, comic backdrop and dessert table",birthday gallery,misma sesion que -01
balloon-bouquets-valentines-bear-red-hearts-01.jpg,claravdecor-gbp-15.jpg,bouquets,983x1962,983x1962,"Valentine balloon bouquet with a teddy bear foil balloon, red heart balloons and gold accents",bouquets page / seasonal,
birthday-balloon-decor-pink-cream-gold-garland-pampas-01.jpg,claravdecor-gbp-17.png,birthday,1086x1448,1086x1448,"Pink, cream and chrome gold balloon garland with pampas grass and a gold stand for a birthday",birthday gallery / boho,PNG de captura 1086px
baby-shower-balloon-decor-baby-in-bloom-backdrop-pink-purple-01.jpg,claravdecor-gbp-19.jpg,baby-shower,2087x2689,1552x2000,"Pink, lavender and purple balloon garland on a Baby in Bloom arch backdrop with a floral panel",baby shower gallery,
seasonal-balloon-decor-spring-tulip-column-pastel-01.jpg,claravdecor-gbp-22.jpg,seasonal,4536x8064,1125x2000,Pastel balloon column with tulip balloon accents beside a brick entryway for a spring celebration,seasonal / columns,
seasonal-balloon-decor-spring-tulip-column-pastel-02.jpg,claravdecor-gbp-24.jpg,seasonal,4536x8064,1125x2000,Pastel balloon column with tulip balloons framing a front door for a spring celebration,seasonal / columns,misma sesion que -01
birthday-balloon-decor-first-birthday-daisy-backdrop-pink-mint-01.jpg,claravdecor-gbp-23.jpg,birthday,1742x2168,1607x2000,Pink and mint balloon garland with daisy accents on a purple backdrop for a groovy first birthday,birthday gallery,nombre visible
graduation-balloon-decor-garage-arch-red-black-01.jpg,claravdecor-gbp-25.jpg,graduation,3213x5712,1125x2000,"Red, black and white balloon arch over a garage door for a college-bound graduation party",graduation page,fachada de casa privada
baby-shower-balloon-decor-welcome-sign-easel-01.jpg,claravdecor-gbp-09.jpg,baby-shower,3213x5712,1125x2000,Floral welcome sign on an easel with fresh flowers at an outdoor baby shower,baby shower gallery (secundaria),no es decoracion con globos; nombre y fecha visibles
(excluida),claravdecor-gbp-13.jpg,,,,,,540x697 y rostro de nino — no usar en web
(excluida),claravdecor-gbp-16.jpg,,,,,,logo 320px — ya existe a 800px en 03-Brandboard
birthday-balloon-decor-tropical-wreath-arch-table-01.jpg,20230609_163515-01.jpeg,birthday,2084x2965,1406x2000,"Pink, teal and yellow tropical balloon wreath arch over a party table with a Life's a Party neon sign",birthday gallery,
birthday-balloon-decor-tropical-wreath-cake-closeup-01.jpg,20230609_163530.jpg,birthday,2084x4624,901x2000,"Close-up of a tropical fruit-themed birthday cake in front of a pink, teal and yellow balloon wreath",birthday gallery,
birthday-balloon-decor-tenth-birthday-kitchen-garland-01.jpg,20230613_190119.jpg,birthday,4624x2084,2000x901,"Orange, mint and red balloon garland over kitchen cabinets with number 10 balloons for a tenth birthday",birthday gallery,
corporate-balloon-decor-office-lobby-column-install-01.jpg,20230729_110146.jpg,corporate,2084x4624,901x2000,"Navy, silver and gold balloon column being installed in a marble office lobby",corporate section (full-event-design),foto de proceso/instalacion — aprobada por Luis para el sitio
birthday-balloon-decor-sonic-backdrop-blue-black-01.jpg,1000116547-01.jpeg,birthday,2263x1801,2000x1592,"Blue, black and silver Sonic the Hedgehog themed balloon backdrop with a number 5 for a birthday",birthday gallery,nombre (ANDRES) y edad visibles en el backdrop — autorizado por Clara
birthday-balloon-decor-sonic-backdrop-blue-black-02.jpg,1000116553-01.jpeg,birthday,2081x3412,1220x2000,"Close-up of the blue, black and silver Sonic the Hedgehog balloon backdrop and pedestal",birthday gallery,nombre (ANDRES) y edad visibles — autorizado por Clara
seasonal-balloon-decor-halloween-witch-house-sculpture-01.jpg,20231001_190824 1.jpeg,seasonal,2084x4624,901x2000,Balloon sculpture of two witches beside a haunted gingerbread-style house for a Halloween display,seasonal / garlands page,
seasonal-balloon-decor-halloween-hulk-sculpture-01.jpg,20231029_163842.jpg,seasonal,2084x4624,901x2000,Purple and green Hulk balloon sculpture at an event,seasonal / garlands page,dos personas identificables en la foto — autorizado por Clara
seasonal-balloon-decor-halloween-door-entrance-black-orange-01.jpg,20231029_164141.jpg,seasonal,2084x4624,901x2000,Black and orange Halloween balloon garland flanking a brick front door entrance,seasonal / garlands page,nombre del negocio/comunidad visible en el letrero — autorizado por Clara
seasonal-balloon-decor-fall-door-entrance-orange-black-01.jpg,20241101_115516.jpg,seasonal,3060x4080,1500x2000,"Orange, brown and black fall balloon garland flanking a brick front door entrance",seasonal / garlands page,"nombre del negocio/comunidad visible; misma ubicacion que otra foto, fecha distinta — autorizado por Clara"
seasonal-balloon-decor-fall-door-entrance-orange-black-02.jpg,IMG-20241105-WA0038.jpg,seasonal,942x1852,942x1852,"Wide view of an orange, brown and black fall balloon garland framing a front door entrance",seasonal / garlands page,nombre del negocio/comunidad visible; misma sesion que -01 — autorizado por Clara
birthday-balloon-decor-ninja-soccer-garland-green-black-01.jpg,IMG_7892.jpeg,birthday,4536x8064,1125x2000,"Green, black and white balloon garland with ninja and soccer ball balloons on a hallway wall",birthday gallery,
birthday-balloon-decor-ninja-soccer-garland-green-black-02.jpg,IMG_7888.jpeg,birthday,4536x8064,1125x2000,"Wide view of a green, black and white ninja and soccer themed balloon garland in a gym hallway",birthday gallery,
balloon-bouquets-fathers-day-star-chocolate-box-01.jpg,3973149D-3DE3-4DDD-9367-46536AA81B8A.jpeg,bouquets,4536x8064,1125x2000,Close-up of a Happy Father's Day star balloon with a chocolate gift box balloon bouquet,bouquets gallery / garlands page,
balloon-bouquets-fathers-day-star-chocolate-box-02.jpg,697B9334-E291-493D-A73A-A4CC9C20EC33.jpeg,bouquets,4536x8064,1125x2000,"Happy Father's Day star balloon bouquet with a chocolate heart gift box, held in hand",bouquets gallery / garlands page,
birthday-balloon-decor-sage-cream-silver-column-shimmer-wall-01.jpg,195ABFDA-93BC-4463-803C-E9BAFCA669D7.jpeg,birthday,2268x4032,1125x2000,"Sage green, cream and silver organic balloon column on a silver shimmer wall backdrop",birthday gallery,candidata a quinceStyle: paleta elegante en pared shimmer
birthday-balloon-decor-sage-cream-silver-column-shimmer-wall-02.jpg,196D6A35-1355-4B5B-9D06-F9D341FCD3CA.jpeg,birthday,2268x4032,1125x2000,"Close-up of the sage green, cream and silver organic balloon column on a shimmer wall backdrop",birthday gallery,candidata a quinceStyle
birthday-balloon-decor-dragon-ball-red-blue-01.jpg,IMG_0561.jpeg,birthday,3213x5712,1125x2000,"Dragon Ball Z themed balloon backdrop in red, blue and cream with character cutouts and a power level sign",birthday gallery,nombre (ANDRES) visible en el letrero — autorizado por Clara
birthday-balloon-decor-dragon-ball-red-blue-02.jpg,IMG_0571.jpeg,birthday,3214x5712,1125x2000,"Close-up of the red, blue and cream Dragon Ball Z themed balloon backdrop with character cutouts",birthday gallery,nombre (ANDRES) visible — autorizado por Clara
bridal-shower-balloon-decor-arch-sage-blush-01.jpg,IMG_0720.jpeg,bridal-shower,2268x4032,1125x2000,"Sage green, blush and cream organic balloon arch beside a wall with gold bridal shower script",bridal shower & wedding section (full-event-design),categoria bridal-shower aprobada y agregada al sitio; nombre/fecha autorizados por Clara
bridal-shower-balloon-decor-arch-sage-blush-detail-02.jpg,IMG_0734.jpeg,bridal-shower,3213x5712,1125x2000,"Detail of a sage green, blush and cream balloon arch beside a green glass vase with flowers",bridal shower & wedding section (full-event-design),categoria bridal-shower aprobada y agregada al sitio
bridal-shower-balloon-decor-arch-sage-blush-detail-03.jpg,IMG_0736.jpeg,bridal-shower,3213x5712,1125x2000,"Detail of a sage green, blush and cream organic balloon arch with fresh flowers",bridal shower & wedding section (full-event-design),categoria bridal-shower aprobada y agregada al sitio
bridal-shower-balloon-decor-welcome-sign-easel-04.jpg,IMG_0738.jpeg,bridal-shower,2268x4032,1125x2000,Bridal shower welcome sign on an easel beside cream and sage balloons,bridal shower & wedding section (full-event-design),categoria bridal-shower aprobada y agregada al sitio; nombre/fecha autorizados por Clara
birthday-balloon-decor-minnie-mouse-red-black-01.jpg,6B7056D3-C411-4614-97B1-01522D1214D1.jpeg,birthday,1440x1800,1440x1800,"Red, white and black Minnie Mouse themed dessert table with a number 2 and heart-covered cake",birthday gallery,nombre (Ester) y edad visibles — autorizado por Clara
birthday-balloon-decor-minnie-mouse-red-black-02.jpg,81350D39-171A-4887-B5EF-A47464BD69FF.jpeg,birthday,1440x1802,1440x1802,"Wide view of a red, white and black Minnie Mouse themed second birthday dessert table with balloon columns",birthday gallery,nombre (Ester) y edad visibles — autorizado por Clara
birthday-balloon-decor-avengers-dessert-table-01.jpg,IMG-20221020-WA0085.jpg,birthday,1280x720,1280x720,Colorful Avengers superhero themed balloon column and dessert table with a comic backdrop,birthday gallery,
baby-shower-balloon-decor-outdoor-green-white-gold-arch-baby-blocks-01.jpg,IMG_20230602_113659_216.jpeg,baby-shower,1440x1440,1440x1440,"Green, white and gold organic balloon arch outdoors with wooden blocks spelling BABY",baby shower gallery,instaladora visible en la foto — autorizado por Clara
birthday-balloon-decor-spiderman-red-black-silver-01.jpg,IMG_20221025_173820_352.jpeg,birthday,1080x1080,1080x1080,"Red, black and silver Spider-Man themed birthday cake display with a comic-style name sign",birthday gallery,nombre (Andres Alejandro) visible en el cartel — autorizado por Clara
birthday-balloon-decor-spiderman-red-black-silver-02.jpg,IMG_20221025_173820_441.jpeg,birthday,1080x1080,1080x1080,"Close-up of the red, black and silver Spider-Man themed cake and balloon display",birthday gallery,nombre visible — autorizado por Clara
wedding-balloon-free-macrame-arch-driftwood-pampas-01.jpg,IMG-20220905-WA0074.jpg,wedding,1112x1600,1112x1600,"Bride and groom embracing under a boho macrame ceremony arch with driftwood branches, pampas grass and white florals",bridal shower & wedding section (full-event-design),"pareja identificable — autorizado por Clara, incluyendo permiso del fotografo"
wedding-balloon-free-macrame-arch-driftwood-pampas-02.jpg,IMG-20220905-WA0084.jpg,wedding,1280x853,1280x853,Close-up of the bride and groom kissing under the macrame ceremony arch with their dog,bridal shower & wedding section (full-event-design),"pareja identificable — autorizado por Clara, incluyendo permiso del fotografo"
wedding-macrame-photo-wall-driftwood-floral-01.jpg,IMG-20220905-WA0060.jpg,wedding,1066x1600,1066x1600,Wedding party posing in front of a macrame and driftwood photo wall with white floral accents,bridal shower & wedding section (full-event-design),"tres personas identificables — autorizado por Clara, incluyendo permiso del fotografo"
wedding-ceremony-aisle-dried-pampas-floral-entrance-01.jpg,IMG-20220905-WA0078.jpg,wedding,1600x1066,1600x1066,Wide view of a wedding ceremony aisle with dried pampas grass and floral entrance installations and an olive green runner,bridal shower & wedding section (full-event-design),"invitados identificables (incluye un nino) — autorizado por Clara, incluyendo permiso del fotografo"
wedding-reception-fairy-light-ivy-backdrop-01.jpg,IMG-20220905-WA0102.jpg,wedding,1600x1066,1600x1066,"Bride and groom at the cake table in front of a fairy-light, tulle and ivy garland reception backdrop",bridal shower & wedding section (full-event-design),"pareja identificable — autorizado por Clara, incluyendo permiso del fotografo"
clara-vento-certificacion-wedding-planning-expert-01.jpg,IMG_20220914_161908_151-01.jpeg,equipo-clara,1080x1920,1080x1920,"Clara Vento holding her international Wedding Planning Expert, Destination Wedding Specialist and Digital Marketing for Planners certification",about page (founder / process),"foto ideal para About — cara visible, nombre completo en el certificado"
clara-vento-instalando-backdrop-avengers-01.jpg,IMG-20221020-WA0079.jpg,equipo-clara,720x1280,720x1280,Clara Vento installing red and yellow balloons on an Avengers themed birthday backdrop,about page (founder / process),"de espaldas, playera @claravdecor — foto de proceso para About/Contact"
clara-vento-instalando-backdrop-avengers-02.jpg,IMG-20221020-WA0087.jpg,equipo-clara,720x1280,720x1280,"Clara Vento adjusting balloons on an Avengers themed birthday backdrop, wearing a ClaravDecor event staff shirt",about page (founder / process),"de espaldas, playera @claravdecor — foto de proceso"
clara-vento-instalando-arco-baby-shower-01.jpg,IMG_20230602_113659_216.jpeg,equipo-clara,1440x1440,1440x1440,"Clara Vento installing a green, white and gold organic balloon arch for an outdoor baby shower",about page (founder / process),de espaldas — foto de proceso; ya esta tambien en baby-shower/ como foto de decor
clara-vento-preparando-mesa-dulce-01.jpg,IMG-20211006-WA0031.jpg,equipo-clara,1200x1600,1200x1600,"Clara Vento, wearing a ClaravDecor branded shirt, arranging a dessert table with flowers",about page (founder / process),"de espaldas, playera @claravdecor visible — foto de proceso"
clara-vento-preparando-mesa-dulce-02.jpg,IMG-20211006-WA0028.jpg,equipo-clara,1200x1600,1200x1600,Clara Vento setting glassware on a dessert table decorated with flowers,about page (founder / process),misma sesion que la anterior; una segunda persona visible al fondo acomodando flores
